question,answer,contexts,ground_truths,ground_truth,context_precision,context_recall,faithfulness,answer_relevancy
What is Instagram's current business proposal?,"Instagram's current business proposal consists of three main services:

1. **Social Media Marketing Services:** Instagram offers comprehensive social media marketing services to help businesses enhance their brand presence, increase audience reach, and drive engagement through strategic content creation, targeted ad campaigns, and performance tracking.

2. **Influencer Collaboration Services:** Instagram connects brands with relevant influencers to leverage their reach and credibility for impactful brand partnerships. They handle influencer discovery, outreach, negotiation, campaign management, and performance analysis to ensure successful collaborations that align with brand values.

3. **Content Creation and Curation Services:** Instagram provides specialized content creation and curation services to help businesses develop a consistent and compelling content strategy. They offer bespoke content planning, photo and video production, and content curation to drive user interaction and loyalty.","[""\n Company Name: Instagram\n Category of Document: Business Proposal\n\n---\n\n Business Proposal 1: Social Media Marketing Services\n\nExecutive Summary:\nInstagram offers comprehensive social media marketing services tailored to enhance brand presence and engagement. With a team of experienced digital marketers, we aim to elevate your social media strategy and maximize audience reach.\n\nCompany Overview:\nInstagram, a leader in social media platforms, leverages its expertise and innovative tools to deliver impactful marketing solutions. Our focus on visual content and community engagement sets us apart in the industry.\n\nProblem Statement:\nMany businesses struggle to effectively utilize social media for brand promotion and customer interaction, leading to missed opportunities for growth and visibility.\n\nProposed Solution:\nOur social media marketing services encompass strategic content creation, optimized ad campaigns, targeted audience analysis, and performance tracking to ensure impactful results for your brand.\n\nPricing:\nOur pricing structure is flexible and customized based on the scope of services required. We offer competitive rates to cater to businesses of all sizes.\n\nTerms and Conditions:\nTerms of engagement include a detailed service agreement outlining deliverables, timelines, reporting mechanisms, and confidentiality clauses for a transparent partnership.\n\nTimeline:\nThe implementation of social media marketing services will be orchestrated in phases, with measurable goals and milestones outlined for each stage of the campaign.\n\nContact Information:\nFor inquiries and further discussion on our social media marketing services, please contact our dedicated team at business@instagram.com.\n\n---\n\n Business Proposal 2: Influencer Collaboration Services\n\nExecutive Summary:\nInstagram presents a unique opportunity for brands to collaborate with influencers and leverage their reach and credibility to drive brand awareness and engagement. Our influencer collaboration services aim to connect brands with relevant influencers for impactful partnerships.\n\nCompany Overview:\nAs a pioneer in visual content sharing, Instagram has established itself as a hub for influencer marketing collaborations, offering brands a platform to amplify their voice and connect with their target audience.\n\nProblem Statement:\nIdentifying and engaging the right influencers for brand partnerships can be a daunting task for many businesses, leading to missed opportunities for authentic promotion and audience engagement.\n\nProposed Solution:\nOur influencer collaboration services involve influencer discovery, outreach, negotiation, campaign management, and performance analysis to ensure successful partnerships that resonate with your brand values.\n\nPricing:\nOur pricing model for influencer collaborations is transparent and based on factors such as influencer reach, engagement rates, content requirements, and campaign duration.\n\nTerms and Conditions:\nA comprehensive agreement will outline the terms of collaboration, including influencer selection criteria, content approvals, compensation details, and exclusivity clauses for mutual benefit and clarity.\n\nTimeline:\nEach influencer collaboration campaign will be meticulously planned and executed to align with your brand objectives, with regular performance reviews and optimizations throughout the partnership.\n\nContact Information:\nFor inquiries and to explore influencer collaboration opportunities, please reach out to our team at partnerships@instagram.com.\n\n---\n\n Business Proposal 3: Content Creation and Curation Services\n\nExecutive Summary:\nInstagram offers specialized content creation and curation services to elevate your brand's visual presence and storytelling on the platform. Our creative team aims to deliver engaging and visually appealing content that resonates with your audience.\n\nCompany Overview:\nWith a deep understanding of visual storytelling and community engagement, Instagram provides brands with the tools and expertise to craft compelling content that drives user interaction and loyalty.\n\nProblem Statement:\nMany businesses struggle to maintain a consistent and compelling content strategy on social media platforms, hindering their ability to connect with their audience and drive meaningful engagement.\n\nProposed Solution:\nOur content creation and curation services include bespoke content planning, photo and video production""]","[""Instagram's current business proposal encompasses three key services:\n\nSocial Media Marketing Services: Instagram offers comprehensive social media marketing services aimed at enhancing brand presence and engagement. This includes strategic content creation, optimized ad campaigns, targeted audience analysis, and performance tracking to ensure impactful results for businesses of all sizes.\n\nInfluencer Collaboration Services: Instagram provides a platform for brands to collaborate with influencers and leverage their reach and credibility. Their influencer collaboration services involve influencer discovery, outreach, negotiation, campaign management, and performance analysis to create successful partnerships aligned with brand values.\n\nContent Creation and Curation Services: Instagram specializes in content creation and curation to elevate brands' visual presence and storytelling on the platform. Their creative team delivers engaging and visually appealing content tailored to resonate with the audience, helping businesses maintain a consistent and compelling content strategy.\n\nOverall, Instagram's current business proposal focuses on offering comprehensive solutions in social media marketing, influencer collaborations, and content creation to help businesses enhance their brand visibility, engagement, and storytelling on the platform.""]","Instagram's current business proposal encompasses three key services:

Social Media Marketing Services: Instagram offers comprehensive social media marketing services aimed at enhancing brand presence and engagement. This includes strategic content creation, optimized ad campaigns, targeted audience analysis, and performance tracking to ensure impactful results for businesses of all sizes.

Influencer Collaboration Services: Instagram provides a platform for brands to collaborate with influencers and leverage their reach and credibility. Their influencer collaboration services involve influencer discovery, outreach, negotiation, campaign management, and performance analysis to create successful partnerships aligned with brand values.

Content Creation and Curation Services: Instagram specializes in content creation and curation to elevate brands' visual presence and storytelling on the platform. Their creative team delivers engaging and visually appealing content tailored to resonate with the audience, helping businesses maintain a consistent and compelling content strategy.

Overall, Instagram's current business proposal focuses on offering comprehensive solutions in social media marketing, influencer collaborations, and content creation to help businesses enhance their brand visibility, engagement, and storytelling on the platform.",0.9999999999,1.0,1.0,0.9322743783630795
What is the marketing plan for Instagram?,"Instagram's marketing plan consists of three main components:

1. **Social Media Marketing Services:** Instagram aims to increase brand awareness and drive customer engagement for clients through personalized social media marketing strategies, influencer collaborations, interactive content, and data-driven insights.

2. **Influencer Collaboration Services:** Instagram focuses on establishing authentic brand partnerships with influencers to amplify brand reach and credibility. They strategically select influencers based on brand fit and audience alignment, and leverage influencer-generated content to drive user engagement and brand affinity.

3. **Content Creation and Curation Services:** Instagram elevates brand storytelling through visually captivating and engaging content. They tailor content planning and production based on brand guidelines and audience insights, and implement user-generated content campaigns and interactive storytelling elements to enhance audience interaction.","['\n Company Name: Instagram\n Category of Document: Business Document\n Document Title: Marketing Plan\n\n---\n\n Marketing Plan for Social Media Marketing Services\n\nMarket Analysis:\n- Analysis of current social media marketing trends and competitive landscape.\n- Identification of key target industries and potential clients for social media marketing services.\n\nTarget Audience:\n- Small businesses, startups, and e-commerce ventures looking to enhance their online presence.\n- Brands seeking to engage with a younger demographic through social media platforms.\n\nMarketing Objectives:\n- Increase brand awareness and reach through targeted social media campaigns.\n- Drive customer engagement and conversions for client businesses.\n\nStrategies:\n- Develop personalized social media marketing strategies based on client goals and industry trends.\n- Utilize influencer collaborations, interactive content, and data-driven insights for optimized marketing campaigns.\n\nTactics:\n- Content creation and curation for social media platforms.\n- Paid advertising campaigns targeting specific audience segments.\n- Regular performance tracking and analytics to measure campaign effectiveness.\n\nBudget:\n- Initial budget allocation of $20,000 for social media marketing campaigns and ad spend.\n- Budget may be adjusted based on campaign performance and client requirements.\n\nTimeline:\n- Campaign implementation and monitoring over a 3-month period.\n- Monthly reporting and analysis to track performance metrics and adjust strategies.\n\nPerformance Metrics:\n- Key performance indicators include website traffic, engagement rates, lead generation, and conversion metrics.\n- Monthly reports to be generated for clients to review campaign progress and ROI.\n\n---\n\n Marketing Plan for Influencer Collaboration Services\n\nMarket Analysis:\n- Evaluation of influencer marketing trends and industry benchmarks.\n- Identification of relevant influencers in target industries for potential collaborations.\n\nTarget Audience:\n- Fashion brands, lifestyle products, and beauty companies looking to leverage influencer partnerships.\n- Brands aiming to tap into niche markets and increase brand advocacy through influencer endorsements.\n\nMarketing Objectives:\n- Establish authentic brand partnerships with influencers to amplify brand reach and credibility.\n- Drive user engagement and brand affinity through influencer-generated content.\n\nStrategies:\n- Strategic selection of influencers based on brand fit, audience alignment, and engagement metrics.\n- Co-creation of compelling content with influencers to resonate with target audiences.\n\nTactics:\n- Influencer outreach and negotiations for collaboration agreements.\n- Performance monitoring and analysis of influencer campaigns for optimization.\n- Leveraging influencer content across multiple platforms for extended reach.\n\nBudget:\n- Allocated budget of $15,000 for influencer collaborations and content creation.\n- Budget flexibility to accommodate high-profile influencers and extended campaign durations.\n\nTimeline:\n- Influencer campaign planning and execution over a 2-month period.\n- Real-time monitoring of influencer performance and content engagement.\n\nPerformance Metrics:\n- Metrics include influencer reach, engagement rates, content virality, and brand sentiment.\n- Data-driven insights to measure the impact of influencer collaborations on brand visibility and customer perception.\n\n---\n\n Marketing Plan for Content Creation and Curation Services\n\nMarket Analysis:\n- Assessment of content marketing trends and visual storytelling strategies.\n- Understanding of audience preferences and content consumption habits on social media platforms.\n\nTarget Audience:\n- Media companies, creative agencies, and lifestyle brands seeking to enhance their content quality and engagement.\n- Businesses looking to establish a consistent and visually appealing brand identity through curated content.\n\nMarketing Objectives:\n- Elevate brand storytelling through visually captivating and engaging content formats.\n- Increase audience interaction and user-generated content through immersive brand experiences.\n\nStrategies:\n- Tailored content planning and production based on brand guidelines and audience insights.\n- Implementing user-generated content campaigns and interactive storytelling elements for enhanced audience engagement']","[""The marketing plan for Instagram encompasses three distinct services: Social Media Marketing Services, Influencer Collaboration Services, and Content Creation and Curation Services. Each service has its market analysis, target audience, objectives, strategies, tactics, budget allocation, timeline, and performance metrics.\n\nSocial Media Marketing Services:\n\nMarket Analysis: Analysis of current social media marketing trends and competitive landscape, identification of key target industries, and potential clients.\nTarget Audience: Small businesses, startups, e-commerce ventures, and brands targeting a younger demographic.\nMarketing Objectives: Increase brand awareness, reach, customer engagement, and conversions.\nStrategies: Develop personalized marketing strategies, utilize influencer collaborations, interactive content, and data-driven insights.\nTactics: Content creation, paid advertising campaigns, and performance tracking.\nBudget: Initial budget of $20,000 with flexibility based on campaign performance.\nTimeline: 3-month campaign implementation with monthly reporting.\nInfluencer Collaboration Services:\n\nMarket Analysis: Evaluation of influencer marketing trends, identification of relevant influencers, and target audience analysis.\nTarget Audience: Fashion, lifestyle, beauty brands, and those aiming for niche market penetration.\nMarketing Objectives: Establish authentic brand partnerships, drive user engagement, and brand affinity.\nStrategies: Strategic influencer selection, co-creation of compelling content.\nTactics: Influencer outreach, performance monitoring, leveraging influencer content.\nBudget: Allocated budget of $15,000 with flexibility for high-profile influencers.\nTimeline: 2-month influencer campaign with real-time monitoring.\nContent Creation and Curation Services:\n\nMarket Analysis: Assessment of content marketing trends, audience preferences, and consumption habits.\nTarget Audience: Media companies, creative agencies, lifestyle brands, and businesses seeking visually appealing content.\nMarketing Objectives: Elevate brand storytelling, increase audience interaction, and user-generated content.\nStrategies: Tailored content planning, user-generated content campaigns, and interactive storytelling.\nTactics: Content production, immersive brand experiences, and user engagement strategies.\nBudget: Flexible budget allocation based on content production requirements.\nTimeline: Ongoing content creation and curation with periodic optimizations.\nIn summary, Instagram's marketing plan includes a comprehensive approach to social media marketing, influencer collaborations, and content creation, catering to a diverse range of clients and objectives while leveraging data-driven insights and creative strategies.""]","The marketing plan for Instagram encompasses three distinct services: Social Media Marketing Services, Influencer Collaboration Services, and Content Creation and Curation Services. Each service has its market analysis, target audience, objectives, strategies, tactics, budget allocation, timeline, and performance metrics.

Social Media Marketing Services:

Market Analysis: Analysis of current social media marketing trends and competitive landscape, identification of key target industries, and potential clients.
Target Audience: Small businesses, startups, e-commerce ventures, and brands targeting a younger demographic.
Marketing Objectives: Increase brand awareness, reach, customer engagement, and conversions.
Strategies: Develop personalized marketing strategies, utilize influencer collaborations, interactive content, and data-driven insights.
Tactics: Content creation, paid advertising campaigns, and performance tracking.
Budget: Initial budget of $20,000 with flexibility based on campaign performance.
Timeline: 3-month campaign implementation with monthly reporting.
Influencer Collaboration Services:

Market Analysis: Evaluation of influencer marketing trends, identification of relevant influencers, and target audience analysis.
Target Audience: Fashion, lifestyle, beauty brands, and those aiming for niche market penetration.
Marketing Objectives: Establish authentic brand partnerships, drive user engagement, and brand affinity.
Strategies: Strategic influencer selection, co-creation of compelling content.
Tactics: Influencer outreach, performance monitoring, leveraging influencer content.
Budget: Allocated budget of $15,000 with flexibility for high-profile influencers.
Timeline: 2-month influencer campaign with real-time monitoring.
Content Creation and Curation Services:

Market Analysis: Assessment of content marketing trends, audience preferences, and consumption habits.
Target Audience: Media companies, creative agencies, lifestyle brands, and businesses seeking visually appealing content.
Marketing Objectives: Elevate brand storytelling, increase audience interaction, and user-generated content.
Strategies: Tailored content planning, user-generated content campaigns, and interactive storytelling.
Tactics: Content production, immersive brand experiences, and user engagement strategies.
Budget: Flexible budget allocation based on content production requirements.
Timeline: Ongoing content creation and curation with periodic optimizations.
In summary, Instagram's marketing plan includes a comprehensive approach to social media marketing, influencer collaborations, and content creation, catering to a diverse range of clients and objectives while leveraging data-driven insights and creative strategies.",0.9999999999,1.0,1.0,0.9202598992869818
What information does the progress report of Instagram contain?,"Instagram's progress report provides detailed information about the current status, achievements, challenges, action plans, resource allocation, and financial updates for ongoing projects within the company. Specifically, the report covers the following key areas:

* **Project Name:** The name of the specific project or initiative being reported on.

* **Status:** The current status of the project, such as ""In Progress,"" ""Completed,"" ""On Hold,"" or ""Planned.""

* **Achievements:** A summary of the accomplishments and milestones reached for the project during the reporting period.

* **Challenges:** Any challenges or obstacles encountered during the project, such as technical issues, user feedback, or integration problems.

* **Action Plans:** The proposed solutions or steps that will be taken to address the challenges and ensure the successful completion of the project.

* **Resource Allocation:** The human resources (e.g., developers, designers, analysts) and financial resources (e.g., budget) allocated to the project.

* **Financial Updates:** Any relevant financial information related to the project, such as expenses incurred or budget adjustments.

This progress report provides a comprehensive snapshot of the progress and status of various projects within Instagram, allowing stakeholders to track the company's development and make informed decisions about future actions.","[' Instagram Progress Report\n\n| Project Name   | Status      | Achievements                   | Challenges                  | Action Plans                         | Resource Allocation | Financial Updates |\n|-----------------|-------------|---------------------------------|-----------------------------|--------------------------------------|---------------------|-------------------|\n| Feed Redesign   | In Progress | Redesigned layout and UI       | Technical issues            | Conduct bug fixes and testing        | 5 developers       | $10,000           |\n| Stories Upgrade | Completed   | Added new interactive elements | User feedback for improvements| Implement new features based on feedback | 3 designers, 2 developers | $5,000 |\n| Direct Messaging Update | On Hold  | Enhanced encryption features  | Integration issues          | Collaborate with security team for solutions | -                  | -              |\n| Explore Algorithm Enhancement | In Progress | Improved personalized recommendations | Data analysis required | Analyze user behavior and engagement metrics | 2 data analysts    | $8,000 |\n| IGTV Expansion  | Planned     | Increased video duration limit | Content moderation policies | Develop content guidelines and moderation tools | -               | -              |\n| Reels Optimization | In Progress | Performance improvements     | User adoption rate          | User feedback analysis for enhancements | 3 developers     | $7,000 |']","['The progress report of Instagram contains detailed information about various ongoing and completed projects within the platform. Here\'s a breakdown of the key elements included in the progress report:\n\nProject Name: Lists the specific projects or initiatives being undertaken by Instagram.\n\nStatus: Indicates the current status of each project, such as ""In Progress,"" ""Completed,"" ""On Hold,"" or ""Planned.""\n\nAchievements: Highlights the accomplishments or milestones achieved in each project. For example, redesigning the feed layout, adding new interactive elements to Stories, enhancing encryption features in Direct Messaging, improving personalized recommendations in Explore, optimizing Reels performance, etc.\n\nChallenges: Identifies the challenges or obstacles faced during the execution of each project. This may include technical issues, user feedback for improvements, integration challenges, content moderation policies, etc.\n\nAction Plans: Outlines the planned actions or strategies to address the challenges and move the projects forward. This could involve conducting bug fixes and testing, implementing new features based on feedback, collaborating with security teams for solutions, analyzing user behavior and engagement metrics, developing content guidelines and moderation tools, etc.\n\nResource Allocation: Specifies the resources allocated to each project, including the number of developers, designers, data analysts, and the associated costs.\n\nFinancial Updates: Provides financial updates related to the budget allocated for each project and any adjustments or expenditures incurred.\n\nOverall, the progress report of Instagram offers a comprehensive overview of the status, achievements, challenges, action plans, resource allocation, and financial updates for its ongoing and planned projects, showcasing the platform\'s commitment to continuous improvement and innovation.']","The progress report of Instagram contains detailed information about various ongoing and completed projects within the platform. Here's a breakdown of the key elements included in the progress report:

Project Name: Lists the specific projects or initiatives being undertaken by Instagram.

Status: Indicates the current status of each project, such as ""In Progress,"" ""Completed,"" ""On Hold,"" or ""Planned.""

Achievements: Highlights the accomplishments or milestones achieved in each project. For example, redesigning the feed layout, adding new interactive elements to Stories, enhancing encryption features in Direct Messaging, improving personalized recommendations in Explore, optimizing Reels performance, etc.

Challenges: Identifies the challenges or obstacles faced during the execution of each project. This may include technical issues, user feedback for improvements, integration challenges, content moderation policies, etc.

Action Plans: Outlines the planned actions or strategies to address the challenges and move the projects forward. This could involve conducting bug fixes and testing, implementing new features based on feedback, collaborating with security teams for solutions, analyzing user behavior and engagement metrics, developing content guidelines and moderation tools, etc.

Resource Allocation: Specifies the resources allocated to each project, including the number of developers, designers, data analysts, and the associated costs.

Financial Updates: Provides financial updates related to the budget allocated for each project and any adjustments or expenditures incurred.

Overall, the progress report of Instagram offers a comprehensive overview of the status, achievements, challenges, action plans, resource allocation, and financial updates for its ongoing and planned projects, showcasing the platform's commitment to continuous improvement and innovation.",0.9999999999,1.0,1.0,0.9688048936942298
Who are the members of Instagram's board of directors?,"Instagram's board of directors consists of the following members:

* **John Smith:** Chairman of the Board, with over 20 years of experience in the technology industry.
* **Sarah Johnson:** Chief Executive Officer (CEO) of Instagram, responsible for driving the company's overall growth and success.
* **David Lee:** Chief Financial Officer (CFO), bringing extensive financial expertise to the board.
* **Emily Davis:** Chief Marketing Officer (CMO), overseeing all marketing and branding initiatives for Instagram.","["" Board of Directors\n\nThe Board of Directors of Instagram consists of highly experienced professionals who provide strategic guidance and oversight to ensure the success and growth of the company. The board members bring diverse expertise and perspectives to the table, contributing to the overall vision and direction of Instagram.\n\n Board Composition\n\nThe Board of Directors of Instagram is composed of the following members:\n\n1. John Smith - Chairman of the Board<br>\n   John Smith is an accomplished business leader with over 20 years of experience in the technology industry. He has served as the Chairman of the Board since 2015 and has been instrumental in shaping Instagram's strategic vision.\n\n2. Sarah Johnson - CEO, Instagram<br>\n   Sarah Johnson is the Chief Executive Officer of Instagram, responsible for driving the company's overall growth and success. With her strong leadership skills and deep understanding of social media platforms, Sarah has played a pivotal role in Instagram's evolution.\n\n3. David Lee - Chief Financial Officer<br>\n   David Lee brings extensive financial expertise to the board. As the CFO of Instagram, he is responsible for financial planning, analysis, and strategic investments. David's financial acumen has been instrumental in ensuring the company's financial stability and sustainable growth.\n\n4. Emily Davis - Chief Marketing Officer<br>\n   Emily Davis is the Chief Marketing Officer at Instagram, overseeing all marketing and branding initiatives. With her innovative marketing strategies and deep understanding of consumer behavior, Emily has played a key role in expanding Instagram's user base and increasing brand awareness.\n\n Contributions and Achievements\n\nThe Board of Directors has played a crucial role in Instagram's success and achievements over the years. Some of their notable contributions include:\n\n- Guiding Instagram through its acquisition by Facebook and ensuring the preservation of its unique identity and features.\n- Providing strategic guidance in the development and introduction of new features such as Stories, IGTV, and Reels, which have revolutionized content sharing and engagement on the platform.\n- Supporting the launch of various initiatives to foster a safe and inclusive community, such as proactive content moderation practices and the promotion of positive online behavior.\n- Overseeing the expansion of Instagram's user base to over 1 billion monthly active users worldwide, making it one of the most popular social media platforms globally.\n\nThe Board of Directors remains committed to driving Instagram's growth, fostering innovation, and maintaining a vibrant and inclusive community for users worldwide.\n\n Contact Information\n\nFor any inquiries or feedback regarding the Board of Directors, please contact us:\n\nEmail: boardofdirectors@instagram.com\nPhone: +1-123-456-7890""]","[""The members of Instagram's Board of Directors are as follows:\n\nJohn Smith - Chairman of the Board: An accomplished business leader with over 20 years of experience in the technology industry. He has been serving as the Chairman of the Board since 2015 and has been instrumental in shaping Instagram's strategic vision.\n\nSarah Johnson - CEO, Instagram: The Chief Executive Officer of Instagram, responsible for driving the company's overall growth and success. Sarah brings strong leadership skills and a deep understanding of social media platforms to her role, playing a pivotal role in Instagram's evolution.\n\nDavid Lee - Chief Financial Officer: Brings extensive financial expertise to the board as the CFO of Instagram. He is responsible for financial planning, analysis, and strategic investments, contributing to the company's financial stability and growth.\n\nEmily Davis - Chief Marketing Officer: Oversees all marketing and branding initiatives at Instagram as the Chief Marketing Officer. Emily's innovative marketing strategies and understanding of consumer behavior have helped expand Instagram's user base and increase brand awareness.\n\nThese board members, with their diverse expertise and experiences, contribute to Instagram's strategic direction, growth, and success in the social media industry.""]","The members of Instagram's Board of Directors are as follows:

John Smith - Chairman of the Board: An accomplished business leader with over 20 years of experience in the technology industry. He has been serving as the Chairman of the Board since 2015 and has been instrumental in shaping Instagram's strategic vision.

Sarah Johnson - CEO, Instagram: The Chief Executive Officer of Instagram, responsible for driving the company's overall growth and success. Sarah brings strong leadership skills and a deep understanding of social media platforms to her role, playing a pivotal role in Instagram's evolution.

David Lee - Chief Financial Officer: Brings extensive financial expertise to the board as the CFO of Instagram. He is responsible for financial planning, analysis, and strategic investments, contributing to the company's financial stability and growth.

Emily Davis - Chief Marketing Officer: Oversees all marketing and branding initiatives at Instagram as the Chief Marketing Officer. Emily's innovative marketing strategies and understanding of consumer behavior have helped expand Instagram's user base and increase brand awareness.

These board members, with their diverse expertise and experiences, contribute to Instagram's strategic direction, growth, and success in the social media industry.",0.9999999999,1.0,1.0,0.9999999999999997
What are the diversity and inclusion initiatives implemented by Instagram?,"To promote diversity, equity, and inclusion (DEI), Instagram has implemented several key initiatives:

1. **Diverse Hiring:** Instagram employs strategies to ensure that their candidate pools include diverse individuals and that their hiring processes are free from bias. They actively recruit talent from underrepresented communities and provide equal opportunities to all applicants.

2. **Employee Resource Groups (ERGs):** Instagram supports ERGs, which are employee-led groups that provide a space for employees to connect, share experiences, and foster a sense of belonging. These ERGs contribute to the company's DEI efforts and help create a more inclusive culture.

3. **Training and Education:** Instagram provides ongoing training and education to its employees to raise awareness and understanding of unconscious bias, privilege, and systemic racism. They believe that education is essential for creating an inclusive and equitable workplace.

4. **Diverse Content:** Instagram is committed to featuring diverse content creators, artists, and voices on its platform. They actively promote diverse perspectives to ensure that their users have a rich and inclusive experience.","["" Diversity, Equity, and Inclusion\n\nAt Instagram, we are committed to fostering a diverse, equitable, and inclusive workplace. We believe in creating an environment where everyone feels valued, respected, and has equal opportunities for personal and professional growth. Our dedication to diversity, equity, and inclusion (DEI) is ingrained in our culture and is a driving force behind everything we do.\n\n Our Commitment\n\nWe recognize the importance of diversity in driving innovation, creativity, and success. Our commitment to DEI extends to all aspects of our organization, including our employees, users, and the broader community. We are committed to:\n\n1. A Culture of Inclusion: We actively promote a culture of inclusion where everyone's voice is heard, and diverse perspectives are valued. We embrace individual differences and strive to create an environment where everyone feels comfortable and accepted.\n\n2. Equity and Fairness: We are dedicated to ensuring equity and fairness in all our practices, including hiring, promotion, and compensation. We believe that everyone should have equal opportunities to thrive and succeed.\n\n3. Diverse Workforce: We actively seek to build a diverse workforce that reflects the communities we serve. We are committed to attracting, retaining, and developing talent from all backgrounds, regardless of race, ethnicity, gender, age, sexual orientation, or any other characteristic.\n\n4. Inclusive Products and Features: We strive to develop inclusive products and features that meet the needs of our diverse user base. We value feedback from our community and continuously work to enhance accessibility and inclusivity within our platform.\n\n5. Partnerships and Collaboration: We believe in the power of partnerships and collaboration to drive positive change. We actively collaborate with organizations and communities that share our commitment to DEI to amplify our impact and create lasting change.\n\n Our Initiatives\n\nTo translate our commitment into action, we have implemented various initiatives focused on promoting diversity, equity, and inclusion:\n\n1. Diverse Hiring: We have implemented strategies to ensure diverse candidate pools and unbiased hiring processes. We actively recruit talent from underrepresented communities and provide equal opportunities for all applicants.\n\n2. Employee Resource Groups: We support Employee Resource Groups (ERGs) that provide a platform for employees to connect, share experiences, and create a sense of belonging. Our ERGs foster a culture of inclusion and contribute to our DEI efforts.\n\n3. Training and Education: We provide ongoing training and education to our employees to promote awareness and understanding of unconscious bias, privilege, and systemic racism. We believe that education is essential in creating an inclusive and equitable workplace.\n\n4. Diverse Content: We are committed to featuring diverse content creators, artists, and voices on our platform. We actively highlight diverse perspectives to ensure our users have a rich and inclusive experience on Instagram.\n\n Our Journey\n\nWe acknowledge that diversity, equity, and inclusion are ongoing journeys. We are continuously learning, evolving, and seeking feedback to improve our practices and initiatives. We are dedicated to fostering an environment where everyone feels included, valued, and empowered to contribute their best.\n\nJoin us in our commitment to diversity, equity, and inclusion. Together, we can create a more inclusive and equitable world.\n\nFor any inquiries or suggestions regarding our DEI efforts, please reach out to us:\n\nEmail: diversity@instagram.com\nPhone: +1-123-456-7890""]","[""Instagram has implemented several diversity and inclusion initiatives to foster a more equitable and inclusive workplace and platform. These initiatives include:\n\nA Culture of Inclusion: Instagram actively promotes a culture of inclusion where everyone's voice is heard, and diverse perspectives are valued. They embrace individual differences and strive to create an environment where everyone feels comfortable and accepted.\n\nEquity and Fairness: Instagram is dedicated to ensuring equity and fairness in all practices, including hiring, promotion, and compensation. They believe that everyone should have equal opportunities to thrive and succeed.\n\nDiverse Workforce: Instagram actively seeks to build a diverse workforce that reflects the communities they serve. They are committed to attracting, retaining, and developing talent from all backgrounds, regardless of race, ethnicity, gender, age, sexual orientation, or any other characteristic.\n\nInclusive Products and Features: Instagram strives to develop inclusive products and features that meet the needs of their diverse user base. They value feedback from the community and continuously work to enhance accessibility and inclusivity within their platform.\n\nPartnerships and Collaboration: Instagram believes in the power of partnerships and collaboration to drive positive change. They actively collaborate with organizations and communities that share their commitment to diversity, equity, and inclusion to amplify their impact and create lasting change.\n\nSpecific initiatives include:\n\nDiverse Hiring: Implementing strategies to ensure diverse candidate pools and unbiased hiring processes, actively recruiting talent from underrepresented communities, and providing equal opportunities for all applicants.\nEmployee Resource Groups (ERGs): Supporting ERGs that provide a platform for employees to connect, share experiences, and create a sense of belonging, fostering a culture of inclusion and contributing to DEI efforts.\nTraining and Education: Providing ongoing training and education to promote awareness and understanding of unconscious bias, privilege, and systemic racism among employees.\nHighlighting Diverse Content Creators: Actively featuring diverse content creators, artists, and voices on the platform to ensure users have a rich and inclusive experience on Instagram.\nThese initiatives demonstrate Instagram's commitment to creating a more diverse, equitable, and inclusive environment for both employees and users.""]","Instagram has implemented several diversity and inclusion initiatives to foster a more equitable and inclusive workplace and platform. These initiatives include:

A Culture of Inclusion: Instagram actively promotes a culture of inclusion where everyone's voice is heard, and diverse perspectives are valued. They embrace individual differences and strive to create an environment where everyone feels comfortable and accepted.

Equity and Fairness: Instagram is dedicated to ensuring equity and fairness in all practices, including hiring, promotion, and compensation. They believe that everyone should have equal opportunities to thrive and succeed.

Diverse Workforce: Instagram actively seeks to build a diverse workforce that reflects the communities they serve. They are committed to attracting, retaining, and developing talent from all backgrounds, regardless of race, ethnicity, gender, age, sexual orientation, or any other characteristic.

Inclusive Products and Features: Instagram strives to develop inclusive products and features that meet the needs of their diverse user base. They value feedback from the community and continuously work to enhance accessibility and inclusivity within their platform.

Partnerships and Collaboration: Instagram believes in the power of partnerships and collaboration to drive positive change. They actively collaborate with organizations and communities that share their commitment to diversity, equity, and inclusion to amplify their impact and create lasting change.

Specific initiatives include:

Diverse Hiring: Implementing strategies to ensure diverse candidate pools and unbiased hiring processes, actively recruiting talent from underrepresented communities, and providing equal opportunities for all applicants.
Employee Resource Groups (ERGs): Supporting ERGs that provide a platform for employees to connect, share experiences, and create a sense of belonging, fostering a culture of inclusion and contributing to DEI efforts.
Training and Education: Providing ongoing training and education to promote awareness and understanding of unconscious bias, privilege, and systemic racism among employees.
Highlighting Diverse Content Creators: Actively featuring diverse content creators, artists, and voices on the platform to ensure users have a rich and inclusive experience on Instagram.
These initiatives demonstrate Instagram's commitment to creating a more diverse, equitable, and inclusive environment for both employees and users.",0.9999999999,1.0,1.0,0.9736044443987879
