query,true_document,vanilla_retrieved_document,vanilla_result,vanilla_retrieval_time,vanilla_generation_time,vanilla_total_time,vanilla_top_1,vanilla_top_3,vanilla_top_5,vanilla_top_10
What is Instagram's current business proposal?,Business Proposal.md,LS_AMG_RAG/data/business_docs_Business Proposal.md,Instagram currently has three business proposals: 1) Social Media Marketing Services; 2) Influencer Collaboration Services; and 3) Content Creation and Curation Services.,2.061380386352539,1.869291067123413,3.931633472442627,True,True,True,True
What is the marketing plan for Instagram?,Marketing Plan.md,LS_AMG_RAG/data/business_docs_Marketing Plan.md,"Instagram has three current business proposals: 1) Social Media Marketing Services; 2) Influencer Collaboration Services; and 3) Content Creation and Curation Services. Each proposal offers a unique set of services tailored to help businesses achieve their marketing goals. For instance, the Social Media Marketing Services proposal focuses on helping businesses enhance their online presence and drive customer engagement through targeted social media campaigns. The Influencer Collaboration Services proposal aims to connect businesses with relevant influencers to amplify brand reach and credibility. Lastly, the Content Creation and Curation Services proposal assists businesses in developing visually captivating and engaging content to elevate their brand storytelling and increase audience interaction.",1.0518593788146973,3.3829967975616455,4.4358203411102295,True,True,True,True
What information does the progress report of Instagram contain?,Progress Report.md,LS_AMG_RAG/data/business_docs_Progress Report.md,"The provided document does not contain any information about Instagram's current business proposals. It is a progress report that outlines the status, achievements, challenges, action plans, resource allocation, and financial updates for various ongoing projects within Instagram.",0.830543041229248,2.4826457500457764,3.313776969909668,True,True,True,True
Who are the members of Instagram's board of directors?,Board of Directors.md,LS_AMG_RAG/data/company_bylaws_Board of Directors.md,"The provided document does not contain any information about Instagram's current business proposals. It primarily focuses on the composition, contributions, and contact information of Instagram's Board of Directors.",1.038818359375,2.218031167984009,3.256849527359009,True,True,True,True
What are the diversity and inclusion initiatives implemented by Instagram?,"Diversity, Equity, and Inclusion.md","LS_AMG_RAG/data/company_bylaws_Diversity, Equity, and Inclusion.md","The provided document does not contain any information about Instagram's current business proposals. It focuses on Instagram's commitment to diversity, equity, and inclusion (DEI) within their workplace, products, and community.",1.0716030597686768,3.7269811630249023,4.7996439933776855,True,True,True,True
What is the Marketing Objective for Influencer Collaboration Services?,Marketing Plan.md,LS_AMG_RAG/data/business_docs_MarketingPlan_2.md,"Instagram's current business proposal focuses on Influencer Collaboration Services, designed to help brands establish authentic and meaningful partnerships with influencers to enhance brand reach, credibility, and engagement. Through strategic selection, co-creation of compelling content, and data-driven performance monitoring, Instagram aims to provide brands with effective influencer marketing solutions that drive measurable results.",1.0397586822509766,3.654834508895874,4.694593191146851,False,True,True,True
Who is the target audience of Content Creation and Curation Services?,Marketing Plan.md,LS_AMG_RAG/data/business_docs_MarketingPlan_3.md,"Instagram's current business proposal focuses on Content Creation and Curation Services, designed to help businesses and brands enhance their content strategy and storytelling. Through tailored content planning, user-generated content campaigns, and interactive storytelling elements, Instagram aims to provide clients with high-quality and visually appealing content that resonates with their target audiences, drives engagement, and strengthens their brand identity.",1.048109531402588,3.763073682785034,4.8121819496154785,False,True,True,True
What is the financial update for the Reels Optimization Project?,Progress Report.md,LS_AMG_RAG/data/business_docs_ProjectReport_4.md,"The provided document does not contain any information about Instagram's current business proposals. It is a project report specifically focused on the Reels Optimization project, which aims to improve the performance, user adoption rate, and engagement of the Reels feature on Instagram.",0.8329410552978516,3.508840799331665,4.342783689498901,False,True,True,True
Give me details about the progress report of the Stories Upgrade project.,Progress Report.md,LS_AMG_RAG/data/business_docs_ProjectReport_6.md,"The provided document does not contain any information about Instagram's current business proposals. It is a project report that focuses on the Stories Upgrade project, which aimed to enhance Instagram Stories with new interactive elements and gather user feedback for continuous improvement.",1.0467078685760498,3.0071511268615723,4.053858995437622,False,True,True,True
Compare the progress report of the Feed Redesign and Stories Upgrade project and draw a conclusion on the information.,Progress Report.md,LS_AMG_RAG/data/business_docs_ProjectReport_5.md,"The provided document does not contain any information about Instagram's current business proposals. It is a project report that focuses specifically on the Feed Redesign project, which aimed to enhance the layout, user interface, and overall user experience of the Instagram feed.",0.823798418045044,4.004223585128784,4.828022003173828,False,True,True,True
